sensor_id;sensor_type;location;lat;lon;timestamp;pressure;altitude;pressure_sealevel;temperature;humidity
82313;BME280;79934;67.57008900;33.40048500;2025-09-26T00:00:19;99739.81;;;7.57;93.81
82313;BME280;79934;67.57008900;33.40048500;2025-09-26T00:02:45;99741.50;;;7.61;93.74
82313;BME280;79934;67.57008900;33.40048500;2025-09-26T00:05:10;99738.88;;;7.61;93.64
82313;BME280;79934;67.57008900;33.40048500;2025-09-26T00:07:36;99742.41;;;7.57;93.38
82313;BME280;79934;67.57008900;33.40048500;2025-09-26T00:10:04;99734.69;;;7.51;93.81
82313;BME280;79934;67.57008900;33.40048500;2025-09-26T00:12:30;99747.78;;;7.43;93.26
82313;BME280;79934;67.57008900;33.40048500;2025-09-26T00:14:55;99740.00;;;7.39;94.30
82313;BME280;79934;67.57008900;33.40048500;2025-09-26T00:17:21;99738.34;;;7.31;93.42
82313;BME280;79934;67.57008900;33.40048500;2025-09-26T00:19:46;99746.16;;;7.30;94.36
82313;BME280;79934;67.57008900;33.40048500;2025-09-26T00:22:13;99748.78;;;7.28;94.39
82313;BME280;79934;67.57008900;33.40048500;2025-09-26T00:24:40;99747.06;;;7.27;94.55
82313;BME280;79934;67.57008900;33.40048500;2025-09-26T00:27:06;99751.41;;;7.27;95.01
82313;BME280;79934;67.57008900;33.40048500;2025-09-26T00:29:31;99758.31;;;7.28;94.36
82313;BME280;79934;67.57008900;33.40048500;2025-09-26T00:31:57;99758.31;;;7.28;94.92
82313;BME280;79934;67.57008900;33.40048500;2025-09-26T00:34:22;99758.25;;;7.32;94.51
82313;BME280;79934;67.57008900;33.40048500;2025-09-26T00:36:48;99761.69;;;7.38;94.94
82313;BME280;79934;67.57008900;33.40048500;2025-09-26T00:39:14;99759.03;;;7.44;94.46
82313;BME280;79934;67.57008900;33.40048500;2025-09-26T00:41:39;99762.41;;;7.52;94.29
82313;BME280;79934;67.57008900;33.40048500;2025-09-26T00:44:05;99758.94;;;7.53;94.43
82313;BME280;79934;67.57008900;33.40048500;2025-09-26T00:46:30;99761.47;;;7.59;94.60
82313;BME280;79934;67.57008900;33.40048500;2025-09-26T00:48:56;99754.47;;;7.62;93.88
82313;BME280;79934;67.57008900;33.40048500;2025-09-26T00:51:22;99757.94;;;7.63;94.04
82313;BME280;79934;67.57008900;33.40048500;2025-09-26T00:53:48;99757.88;;;7.69;94.15
82313;BME280;79934;67.57008900;33.40048500;2025-09-26T00:56:13;99753.50;;;7.71;93.70
82313;BME280;79934;67.57008900;33.40048500;2025-09-26T00:58:39;99758.66;;;7.76;94.35
82313;BME280;79934;67.57008900;33.40048500;2025-09-26T01:01:04;99766.41;;;7.79;94.17
82313;BME280;79934;67.57008900;33.40048500;2025-09-26T01:03:30;99769.00;;;7.80;94.03
82313;BME280;79934;67.57008900;33.40048500;2025-09-26T01:05:56;99769.81;;;7.84;93.61
82313;BME280;79934;67.57008900;33.40048500;2025-09-26T01:08:21;99774.16;;;7.83;94.07
82313;BME280;79934;67.57008900;33.40048500;2025-09-26T01:10:47;99770.63;;;7.87;93.88
82313;BME280;79934;67.57008900;33.40048500;2025-09-26T01:13:12;99771.50;;;7.88;94.27
82313;BME280;79934;67.57008900;33.40048500;2025-09-26T01:15:38;99774.06;;;7.91;94.17
82313;BME280;79934;67.57008900;33.40048500;2025-09-26T01:18:04;99771.44;;;7.91;93.94
82313;BME280;79934;67.57008900;33.40048500;2025-09-26T01:20:29;99774.09;;;7.88;94.23
82313;BME280;79934;67.57008900;33.40048500;2025-09-26T01:22:55;99782.81;;;7.85;94.33
82313;BME280;79934;67.57008900;33.40048500;2025-09-26T01:25:20;99777.56;;;7.88;94.14
82313;BME280;79934;67.57008900;33.40048500;2025-09-26T01:27:46;99781.00;;;7.90;94.15
82313;BME280;79934;67.57008900;33.40048500;2025-09-26T01:30:11;99786.16;;;7.93;94.89
82313;BME280;79934;67.57008900;33.40048500;2025-09-26T01:32:37;99794.81;;;7.95;94.73
82313;BME280;79934;67.57008900;33.40048500;2025-09-26T01:35:04;99783.53;;;7.96;94.25
82313;BME280;79934;67.57008900;33.40048500;2025-09-26T01:37:29;99798.25;;;7.97;94.98
82313;BME280;79934;67.57008900;33.40048500;2025-09-26T01:39:55;99790.47;;;7.96;94.70
82313;BME280;79934;67.57008900;33.40048500;2025-09-26T01:42:20;99793.06;;;7.97;94.90
82313;BME280;79934;67.57008900;33.40048500;2025-09-26T01:44:46;99789.56;;;7.98;94.89
82313;BME280;79934;67.57008900;33.40048500;2025-09-26T01:47:11;99781.72;;;8.02;94.73
82313;BME280;79934;67.57008900;33.40048500;2025-09-26T01:49:37;99786.00;;;8.06;95.10
82313;BME280;79934;67.57008900;33.40048500;2025-09-26T01:52:02;99794.63;;;8.11;94.67
82313;BME280;79934;67.57008900;33.40048500;2025-09-26T01:54:28;99785.91;;;8.12;94.58
82313;BME280;79934;67.57008900;33.40048500;2025-09-26T01:56:53;99792.81;;;8.16;94.84
82313;BME280;79934;67.57008900;33.40048500;2025-09-26T01:59:19;99796.28;;;8.18;94.73
82313;BME280;79934;67.57008900;33.40048500;2025-09-26T02:01:44;99794.53;;;8.18;95.26
82313;BME280;79934;67.57008900;33.40048500;2025-09-26T02:04:10;99794.53;;;8.17;95.07
82313;BME280;79934;67.57008900;33.40048500;2025-09-26T02:06:35;99796.28;;;8.18;94.86
82313;BME280;79934;67.57008900;33.40048500;2025-09-26T02:09:01;99802.31;;;8.20;95.16
82313;BME280;79934;67.57008900;33.40048500;2025-09-26T02:11:27;99810.13;;;8.20;95.37
82313;BME280;79934;67.57008900;33.40048500;2025-09-26T02:13:52;99808.41;;;8.19;95.28
82313;BME280;79934;67.57008900;33.40048500;2025-09-26T02:16:18;99807.50;;;8.23;95.38
82313;BME280;79934;67.57008900;33.40048500;2025-09-26T02:18:43;99813.53;;;8.25;95.17
82313;BME280;79934;67.57008900;33.40048500;2025-09-26T02:21:09;99814.38;;;8.27;95.64
82313;BME280;79934;67.57008900;33.40048500;2025-09-26T02:23:35;99813.50;;;8.28;95.30
82313;BME280;79934;67.57008900;33.40048500;2025-09-26T02:26:10;99827.41;;;8.27;95.21
82313;BME280;79934;67.57008900;33.40048500;2025-09-26T02:28:36;99817.88;;;8.24;95.39
82313;BME280;79934;67.57008900;33.40048500;2025-09-26T02:31:03;99827.47;;;8.21;95.99
82313;BME280;79934;67.57008900;33.40048500;2025-09-26T02:33:29;99837.06;;;8.19;96.11
82313;BME280;79934;67.57008900;33.40048500;2025-09-26T02:35:54;99831.00;;;8.15;96.03
82313;BME280;79934;67.57008900;33.40048500;2025-09-26T02:38:20;99834.50;;;8.13;96.48
82313;BME280;79934;67.57008900;33.40048500;2025-09-26T02:40:45;99830.13;;;8.15;96.42
82313;BME280;79934;67.57008900;33.40048500;2025-09-26T02:43:11;99836.19;;;8.20;96.69
82313;BME280;79934;67.57008900;33.40048500;2025-09-26T02:45:37;99836.13;;;8.23;96.58
82313;BME280;79934;67.57008900;33.40048500;2025-09-26T02:48:03;99836.13;;;8.23;96.00
82313;BME280;79934;67.57008900;33.40048500;2025-09-26T02:50:28;99848.28;;;8.24;96.51
82313;BME280;79934;67.57008900;33.40048500;2025-09-26T02:52:54;99850.91;;;8.22;96.86
82313;BME280;79934;67.57008900;33.40048500;2025-09-26T02:55:19;99859.59;;;8.21;96.91
82313;BME280;79934;67.57008900;33.40048500;2025-09-26T02:57:45;99870.84;;;8.23;96.62
82313;BME280;79934;67.57008900;33.40048500;2025-09-26T03:00:11;99870.00;;;8.23;96.59
82313;BME280;79934;67.57008900;33.40048500;2025-09-26T03:02:37;99864.75;;;8.24;96.74
82313;BME280;79934;67.57008900;33.40048500;2025-09-26T03:05:06;99857.78;;;8.26;96.41
82313;BME280;79934;67.57008900;33.40048500;2025-09-26T03:07:32;99865.53;;;8.31;96.95
82313;BME280;79934;67.57008900;33.40048500;2025-09-26T03:09:57;99865.53;;;8.31;96.53
82313;BME280;79934;67.57008900;33.40048500;2025-09-26T03:12:23;99866.41;;;8.33;96.56
82313;BME280;79934;67.57008900;33.40048500;2025-09-26T03:14:49;99865.53;;;8.34;96.66
82313;BME280;79934;67.57008900;33.40048500;2025-09-26T03:17:15;99871.56;;;8.38;96.81
82313;BME280;79934;67.57008900;33.40048500;2025-09-26T03:19:40;99868.91;;;8.42;96.79
82313;BME280;79934;67.57008900;33.40048500;2025-09-26T03:22:06;99861.06;;;8.44;96.81
82313;BME280;79934;67.57008900;33.40048500;2025-09-26T03:24:31;99861.91;;;8.46;96.90
82313;BME280;79934;67.57008900;33.40048500;2025-09-26T03:26:57;99872.34;;;8.44;96.77
82313;BME280;79934;67.57008900;33.40048500;2025-09-26T03:29:23;99869.72;;;8.44;97.10
82313;BME280;79934;67.57008900;33.40048500;2025-09-26T03:31:48;99879.28;;;8.45;96.75
82313;BME280;79934;67.57008900;33.40048500;2025-09-26T03:34:14;99882.72;;;8.47;96.82
82313;BME280;79934;67.57008900;33.40048500;2025-09-26T03:40:03;99887.81;;;8.56;96.99
82313;BME280;79934;67.57008900;33.40048500;2025-09-26T03:42:29;99891.19;;;8.62;96.77
82313;BME280;79934;67.57008900;33.40048500;2025-09-26T03:44:55;99881.56;;;8.67;96.54
82313;BME280;79934;67.57008900;33.40048500;2025-09-26T03:47:21;99885.03;;;8.67;96.05
82313;BME280;79934;67.57008900;33.40048500;2025-09-26T03:49:46;99888.50;;;8.68;96.16
82313;BME280;79934;67.57008900;33.40048500;2025-09-26T03:52:12;99882.47;;;8.66;95.42
82313;BME280;79934;67.57008900;33.40048500;2025-09-26T03:54:38;99881.63;;;8.62;95.60
82313;BME280;79934;67.57008900;33.40048500;2025-09-26T03:57:03;99890.34;;;8.61;96.13
82313;BME280;79934;67.57008900;33.40048500;2025-09-26T03:59:44;99894.69;;;8.60;95.55
82313;BME280;79934;67.57008900;33.40048500;2025-09-26T04:02:27;99891.25;;;8.58;95.93
82313;BME280;79934;67.57008900;33.40048500;2025-09-26T04:04:53;99893.81;;;8.60;95.53
82313;BME280;79934;67.57008900;33.40048500;2025-09-26T04:07:18;99897.31;;;8.59;95.07
82313;BME280;79934;67.57008900;33.40048500;2025-09-26T04:09:44;99899.94;;;8.57;95.23
82313;BME280;79934;67.57008900;33.40048500;2025-09-26T04:12:10;99904.28;;;8.57;95.46
82313;BME280;79934;67.57008900;33.40048500;2025-09-26T04:14:35;99916.41;;;8.61;95.99
82313;BME280;79934;67.57008900;33.40048500;2025-09-26T04:20:23;99892.03;;;8.65;95.30
82313;BME280;79934;67.57008900;33.40048500;2025-09-26T04:22:49;99907.66;;;8.65;95.32
82313;BME280;79934;67.57008900;33.40048500;2025-09-26T04:25:14;99909.38;;;8.66;95.45
82313;BME280;79934;67.57008900;33.40048500;2025-09-26T04:27:40;99911.97;;;8.68;95.14
82313;BME280;79934;67.57008900;33.40048500;2025-09-26T04:30:06;99907.59;;;8.68;94.39
82313;BME280;79934;67.57008900;33.40048500;2025-09-26T04:32:32;99919.75;;;8.69;95.08
82313;BME280;79934;67.57008900;33.40048500;2025-09-26T04:34:57;99911.88;;;8.74;94.59
82313;BME280;79934;67.57008900;33.40048500;2025-09-26T04:37:23;99924.81;;;8.80;94.40
82313;BME280;79934;67.57008900;33.40048500;2025-09-26T04:39:49;99923.84;;;8.87;94.18
82313;BME280;79934;67.57008900;33.40048500;2025-09-26T04:42:14;99929.00;;;8.93;93.89
82313;BME280;79934;67.57008900;33.40048500;2025-09-26T04:44:40;99926.28;;;8.99;94.38
82313;BME280;79934;67.57008900;33.40048500;2025-09-26T04:47:06;99927.13;;;9.03;93.98
82313;BME280;79934;67.57008900;33.40048500;2025-09-26T04:49:31;99932.31;;;9.04;93.80
82313;BME280;79934;67.57008900;33.40048500;2025-09-26T04:51:57;99931.38;;;9.08;93.44
82313;BME280;79934;67.57008900;33.40048500;2025-09-26T04:54:22;99933.94;;;9.11;93.60
82313;BME280;79934;67.57008900;33.40048500;2025-09-26T04:56:48;99937.38;;;9.13;92.81
82313;BME280;79934;67.57008900;33.40048500;2025-09-26T04:59:13;99941.69;;;9.16;93.49
82313;BME280;79934;67.57008900;33.40048500;2025-09-26T05:01:40;99938.97;;;9.22;93.42
82313;BME280;79934;67.57008900;33.40048500;2025-09-26T05:04:05;99928.50;;;9.25;92.95
82313;BME280;79934;67.57008900;33.40048500;2025-09-26T05:06:31;99938.97;;;9.23;92.53
82313;BME280;79934;67.57008900;33.40048500;2025-09-26T05:08:56;99943.25;;;9.28;93.08
82313;BME280;79934;67.57008900;33.40048500;2025-09-26T05:11:22;99938.84;;;9.30;92.25
82313;BME280;79934;67.57008900;33.40048500;2025-09-26T05:13:47;99944.81;;;9.38;92.31
82313;BME280;79934;67.57008900;33.40048500;2025-09-26T05:16:13;99944.72;;;9.44;91.91
82313;BME280;79934;67.57008900;33.40048500;2025-09-26T05:18:38;99942.06;;;9.47;91.76
82313;BME280;79934;67.57008900;33.40048500;2025-09-26T05:21:04;99947.22;;;9.50;91.28
82313;BME280;79934;67.57008900;33.40048500;2025-09-26T05:23:30;99948.88;;;9.54;91.25
82313;BME280;79934;67.57008900;33.40048500;2025-09-26T05:25:55;99952.31;;;9.57;90.82
82313;BME280;79934;67.57008900;33.40048500;2025-09-26T05:28:21;99959.22;;;9.60;91.33
82313;BME280;79934;67.57008900;33.40048500;2025-09-26T05:30:46;99963.50;;;9.64;91.39
82313;BME280;79934;67.57008900;33.40048500;2025-09-26T05:33:12;99962.59;;;9.68;91.45
82313;BME280;79934;67.57008900;33.40048500;2025-09-26T05:35:37;99959.09;;;9.69;91.74
82313;BME280;79934;67.57008900;33.40048500;2025-09-26T05:38:03;99972.19;;;9.65;91.29
82313;BME280;79934;67.57008900;33.40048500;2025-09-26T05:40:28;99971.34;;;9.64;91.86
82313;BME280;79934;67.57008900;33.40048500;2025-09-26T05:42:54;99967.81;;;9.68;92.21
82313;BME280;79934;67.57008900;33.40048500;2025-09-26T05:45:19;99964.38;;;9.66;91.89
82313;BME280;79934;67.57008900;33.40048500;2025-09-26T05:47:45;99961.84;;;9.59;92.27
82313;BME280;79934;67.57008900;33.40048500;2025-09-26T05:50:10;99962.72;;;9.59;92.70
82313;BME280;79934;67.57008900;33.40048500;2025-09-26T05:52:36;99960.91;;;9.63;92.46
82313;BME280;79934;67.57008900;33.40048500;2025-09-26T05:55:03;99958.25;;;9.66;92.57
82313;BME280;79934;67.57008900;33.40048500;2025-09-26T05:57:29;99962.59;;;9.68;92.67
82313;BME280;79934;67.57008900;33.40048500;2025-09-26T05:59:55;99964.91;;;9.85;92.46
82313;BME280;79934;67.57008900;33.40048500;2025-09-26T06:02:20;99973.38;;;9.98;92.45
82313;BME280;79934;67.57008900;33.40048500;2025-09-26T06:04:46;99977.38;;;10.17;92.65
82313;BME280;79934;67.57008900;33.40048500;2025-09-26T06:07:11;99970.34;;;10.22;91.58
82313;BME280;79934;67.57008900;33.40048500;2025-09-26T06:09:40;99976.38;;;10.24;91.82
82313;BME280;79934;67.57008900;33.40048500;2025-09-26T06:12:06;99972.91;;;10.24;92.41
82313;BME280;79934;67.57008900;33.40048500;2025-09-26T06:14:31;99985.00;;;10.29;91.93
82313;BME280;79934;67.57008900;33.40048500;2025-09-26T06:16:57;99983.31;;;10.27;92.44
82313;BME280;79934;67.57008900;33.40048500;2025-09-26T06:19:22;99981.69;;;10.21;92.21
82313;BME280;79934;67.57008900;33.40048500;2025-09-26T06:21:48;99984.47;;;10.09;92.54
82313;BME280;79934;67.57008900;33.40048500;2025-09-26T06:24:13;99985.53;;;9.99;92.44
82313;BME280;79934;67.57008900;33.40048500;2025-09-26T06:26:39;99987.44;;;9.91;92.75
82313;BME280;79934;67.57008900;33.40048500;2025-09-26T06:29:04;99983.25;;;9.80;93.54
82313;BME280;79934;67.57008900;33.40048500;2025-09-26T06:31:30;99999.09;;;9.71;93.65
82313;BME280;79934;67.57008900;33.40048500;2025-09-26T06:33:55;99998.28;;;9.65;94.07
82313;BME280;79934;67.57008900;33.40048500;2025-09-26T06:36:21;100004.47;;;9.59;94.22
82313;BME280;79934;67.57008900;33.40048500;2025-09-26T06:38:46;100001.09;;;9.52;94.47
82313;BME280;79934;67.57008900;33.40048500;2025-09-26T06:41:12;100006.31;;;9.54;95.19
82313;BME280;79934;67.57008900;33.40048500;2025-09-26T06:43:37;100016.66;;;9.59;95.10
82313;BME280;79934;67.57008900;33.40048500;2025-09-26T06:46:03;100016.63;;;9.60;95.31
82313;BME280;79934;67.57008900;33.40048500;2025-09-26T06:48:28;100017.50;;;9.61;95.20
82313;BME280;79934;67.57008900;33.40048500;2025-09-26T06:50:54;100007.91;;;9.63;94.73
82313;BME280;79934;67.57008900;33.40048500;2025-09-26T06:53:19;100011.25;;;9.72;95.36
82313;BME280;79934;67.57008900;33.40048500;2025-09-26T06:55:45;100012.81;;;9.82;95.49
82313;BME280;79934;67.57008900;33.40048500;2025-09-26T06:58:10;100019.66;;;9.90;95.47
82313;BME280;79934;67.57008900;33.40048500;2025-09-26T07:00:36;100022.16;;;9.96;95.69
82313;BME280;79934;67.57008900;33.40048500;2025-09-26T07:03:02;100019.59;;;9.93;95.61
82313;BME280;79934;67.57008900;33.40048500;2025-09-26T07:05:27;100023.09;;;9.92;96.30
82313;BME280;79934;67.57008900;33.40048500;2025-09-26T07:07:53;100032.63;;;9.94;96.36
82313;BME280;79934;67.57008900;33.40048500;2025-09-26T07:10:18;100043.09;;;9.93;96.62
82313;BME280;79934;67.57008900;33.40048500;2025-09-26T07:12:44;100045.81;;;9.86;96.53
82313;BME280;79934;67.57008900;33.40048500;2025-09-26T07:15:09;100041.41;;;9.90;96.92
82313;BME280;79934;67.57008900;33.40048500;2025-09-26T07:17:35;100042.16;;;9.97;97.23
82313;BME280;79934;67.57008900;33.40048500;2025-09-26T07:20:01;100054.44;;;9.92;97.22
82313;BME280;79934;67.57008900;33.40048500;2025-09-26T07:22:26;100046.56;;;9.93;98.25
82313;BME280;79934;67.57008900;33.40048500;2025-09-26T07:24:52;100050.78;;;10.02;98.05
82313;BME280;79934;67.57008900;33.40048500;2025-09-26T07:27:17;100057.69;;;10.06;97.80
82313;BME280;79934;67.57008900;33.40048500;2025-09-26T07:29:43;100052.56;;;10.00;97.95
82313;BME280;79934;67.57008900;33.40048500;2025-09-26T07:32:08;100056.06;;;9.99;98.35
82313;BME280;79934;67.57008900;33.40048500;2025-09-26T07:34:34;100063.22;;;10.38;99.56
82313;BME280;79934;67.57008900;33.40048500;2025-09-26T07:36:59;100054.88;;;12.53;100.00
82313;BME280;79934;67.57008900;33.40048500;2025-09-26T07:39:25;100059.06;;;13.51;93.75
82313;BME280;79934;67.57008900;33.40048500;2025-09-26T07:41:50;100060.09;;;13.16;92.87
82313;BME280;79934;67.57008900;33.40048500;2025-09-26T07:44:16;100069.47;;;12.64;92.76
82313;BME280;79934;67.57008900;33.40048500;2025-09-26T07:50:03;100077.22;;;11.24;95.81
82313;BME280;79934;67.57008900;33.40048500;2025-09-26T07:52:29;100086.31;;;11.06;96.51
82313;BME280;79934;67.57008900;33.40048500;2025-09-26T07:54:55;100090.88;;;10.96;97.36
82313;BME280;79934;67.57008900;33.40048500;2025-09-26T07:57:20;100079.09;;;11.57;98.52
82313;BME280;79934;67.57008900;33.40048500;2025-09-26T07:59:46;100088.06;;;12.21;97.01
82313;BME280;79934;67.57008900;33.40048500;2025-09-26T08:02:11;100094.63;;;12.37;95.94
82313;BME280;79934;67.57008900;33.40048500;2025-09-26T08:04:37;100095.88;;;12.23;95.38
82313;BME280;79934;67.57008900;33.40048500;2025-09-26T08:07:02;100092.19;;;11.96;95.95
82313;BME280;79934;67.57008900;33.40048500;2025-09-26T08:09:28;100098.53;;;11.86;96.87
82313;BME280;79934;67.57008900;33.40048500;2025-09-26T08:11:53;100098.94;;;12.06;96.63
82313;BME280;79934;67.57008900;33.40048500;2025-09-26T08:14:19;100099.88;;;12.37;96.45
82313;BME280;79934;67.57008900;33.40048500;2025-09-26T08:16:45;100099.69;;;13.09;95.63
82313;BME280;79934;67.57008900;33.40048500;2025-09-26T08:19:10;100103.38;;;13.32;93.85
82313;BME280;79934;67.57008900;33.40048500;2025-09-26T08:21:36;100101.47;;;13.38;93.38
82313;BME280;79934;67.57008900;33.40048500;2025-09-26T08:24:03;100088.25;;;13.42;92.95
82313;BME280;79934;67.57008900;33.40048500;2025-09-26T08:26:28;100094.34;;;13.71;94.52
82313;BME280;79934;67.57008900;33.40048500;2025-09-26T08:28:54;100095.31;;;14.49;93.04
82313;BME280;79934;67.57008900;33.40048500;2025-09-26T08:31:19;100083.44;;;15.34;91.68
82313;BME280;79934;67.57008900;33.40048500;2025-09-26T08:33:45;100084.94;;;15.86;90.79
82313;BME280;79934;67.57008900;33.40048500;2025-09-26T08:36:10;100086.38;;;17.35;90.17
82313;BME280;79934;67.57008900;33.40048500;2025-09-26T08:38:36;100089.31;;;18.73;86.66
82313;BME280;79934;67.57008900;33.40048500;2025-09-26T08:41:02;100079.81;;;20.28;83.50
82313;BME280;79934;67.57008900;33.40048500;2025-09-26T08:43:27;100076.03;;;21.76;80.56
82313;BME280;79934;67.57008900;33.40048500;2025-09-26T08:45:53;100087.91;;;21.98;76.27
82313;BME280;79934;67.57008900;33.40048500;2025-09-26T08:48:18;100087.22;;;22.35;77.05
82313;BME280;79934;67.57008900;33.40048500;2025-09-26T08:50:44;100098.19;;;23.08;74.40
82313;BME280;79934;67.57008900;33.40048500;2025-09-26T08:53:09;100092.72;;;23.85;52.51
82313;BME280;79934;67.57008900;33.40048500;2025-09-26T08:55:35;100085.38;;;23.75;51.18
82313;BME280;79934;67.57008900;33.40048500;2025-09-26T08:58:02;100096.97;;;22.22;50.36
82313;BME280;79934;67.57008900;33.40048500;2025-09-26T09:00:28;100097.09;;;20.51;52.98
82313;BME280;79934;67.57008900;33.40048500;2025-09-26T09:02:53;100094.50;;;18.92;54.18
82313;BME280;79934;67.57008900;33.40048500;2025-09-26T09:05:19;100093.88;;;17.82;56.96
82313;BME280;79934;67.57008900;33.40048500;2025-09-26T09:07:45;100096.16;;;17.33;57.75
82313;BME280;79934;67.57008900;33.40048500;2025-09-26T09:10:10;100102.25;;;16.96;58.03
82313;BME280;79934;67.57008900;33.40048500;2025-09-26T09:12:36;100100.59;;;17.14;58.42
82313;BME280;79934;67.57008900;33.40048500;2025-09-26T09:15:03;100107.44;;;17.56;57.74
82313;BME280;79934;67.57008900;33.40048500;2025-09-26T09:17:30;100109.47;;;18.59;56.22
82313;BME280;79934;67.57008900;33.40048500;2025-09-26T09:19:55;100107.06;;;18.71;55.97
82313;BME280;79934;67.57008900;33.40048500;2025-09-26T09:22:21;100116.19;;;19.65;55.14
82313;BME280;79934;67.57008900;33.40048500;2025-09-26T09:24:46;100111.78;;;21.01;52.91
82313;BME280;79934;67.57008900;33.40048500;2025-09-26T09:27:12;100112.81;;;20.84;50.93
82313;BME280;79934;67.57008900;33.40048500;2025-09-26T09:29:37;100113.22;;;21.49;51.41
82313;BME280;79934;67.57008900;33.40048500;2025-09-26T09:32:03;100118.06;;;22.25;49.81
82313;BME280;79934;67.57008900;33.40048500;2025-09-26T09:34:28;100123.16;;;23.07;48.53
82313;BME280;79934;67.57008900;33.40048500;2025-09-26T09:36:54;100117.00;;;24.05;47.37
82313;BME280;79934;67.57008900;33.40048500;2025-09-26T09:39:19;100128.19;;;25.05;46.27
82313;BME280;79934;67.57008900;33.40048500;2025-09-26T09:41:45;100120.56;;;26.21;44.19
82313;BME280;79934;67.57008900;33.40048500;2025-09-26T09:44:11;100118.28;;;26.90;42.73
82313;BME280;79934;67.57008900;33.40048500;2025-09-26T09:46:36;100122.38;;;27.67;41.61
82313;BME280;79934;67.57008900;33.40048500;2025-09-26T09:49:02;100118.47;;;27.90;39.88
82313;BME280;79934;67.57008900;33.40048500;2025-09-26T09:51:28;100127.50;;;27.49;39.80
82313;BME280;79934;67.57008900;33.40048500;2025-09-26T09:53:53;100123.50;;;26.71;40.61
82313;BME280;79934;67.57008900;33.40048500;2025-09-26T09:56:19;100125.81;;;25.35;40.95
82313;BME280;79934;67.57008900;33.40048500;2025-09-26T09:58:44;100130.50;;;23.42;42.82
82313;BME280;79934;67.57008900;33.40048500;2025-09-26T10:01:10;100118.81;;;21.73;45.17
82313;BME280;79934;67.57008900;33.40048500;2025-09-26T10:03:35;100127.25;;;20.94;46.23
82313;BME280;79934;67.57008900;33.40048500;2025-09-26T10:06:02;100122.03;;;20.33;46.67
82313;BME280;79934;67.57008900;33.40048500;2025-09-26T10:08:27;100122.88;;;19.72;47.55
82313;BME280;79934;67.57008900;33.40048500;2025-09-26T10:10:53;100133.22;;;19.28;47.52
82313;BME280;79934;67.57008900;33.40048500;2025-09-26T10:13:18;100129.78;;;18.93;48.43
82313;BME280;79934;67.57008900;33.40048500;2025-09-26T10:15:44;100134.59;;;18.69;48.68
82313;BME280;79934;67.57008900;33.40048500;2025-09-26T10:18:09;100139.47;;;18.59;48.84
82313;BME280;79934;67.57008900;33.40048500;2025-09-26T10:20:35;100131.88;;;18.52;48.54
82313;BME280;79934;67.57008900;33.40048500;2025-09-26T10:23:01;100130.53;;;18.62;49.15
82313;BME280;79934;67.57008900;33.40048500;2025-09-26T10:25:26;100135.09;;;18.93;48.73
82313;BME280;79934;67.57008900;33.40048500;2025-09-26T10:27:52;100133.31;;;18.93;47.74
82313;BME280;79934;67.57008900;33.40048500;2025-09-26T10:30:17;100131.47;;;18.42;48.42
82313;BME280;79934;67.57008900;33.40048500;2025-09-26T10:32:43;100126.41;;;17.84;48.88
82313;BME280;79934;67.57008900;33.40048500;2025-09-26T10:35:08;100131.03;;;17.41;49.65
82313;BME280;79934;67.57008900;33.40048500;2025-09-26T10:37:34;100137.56;;;17.14;50.56
82313;BME280;79934;67.57008900;33.40048500;2025-09-26T10:39:59;100134.53;;;17.03;50.83
82313;BME280;79934;67.57008900;33.40048500;2025-09-26T10:42:26;100129.53;;;16.76;51.24
82313;BME280;79934;67.57008900;33.40048500;2025-09-26T10:44:52;100133.59;;;16.43;51.36
82313;BME280;79934;67.57008900;33.40048500;2025-09-26T10:47:17;100133.00;;;16.14;51.42
82313;BME280;79934;67.57008900;33.40048500;2025-09-26T10:49:43;100137.19;;;15.98;52.65
82313;BME280;79934;67.57008900;33.40048500;2025-09-26T10:52:08;100128.72;;;15.90;52.31
82313;BME280;79934;67.57008900;33.40048500;2025-09-26T10:54:34;100130.06;;;16.00;53.05
82313;BME280;79934;67.57008900;33.40048500;2025-09-26T10:56:59;100130.41;;;16.13;53.27
82313;BME280;79934;67.57008900;33.40048500;2025-09-26T10:59:25;100131.72;;;16.03;53.20
82313;BME280;79934;67.57008900;33.40048500;2025-09-26T11:01:50;100135.81;;;15.88;53.04
82313;BME280;79934;67.57008900;33.40048500;2025-09-26T11:04:16;100134.63;;;15.50;53.49
82313;BME280;79934;67.57008900;33.40048500;2025-09-26T11:06:41;100130.47;;;15.21;53.56
82313;BME280;79934;67.57008900;33.40048500;2025-09-26T11:09:07;100141.44;;;15.09;54.78
82313;BME280;79934;67.57008900;33.40048500;2025-09-26T11:11:32;100131.13;;;15.03;54.15
82313;BME280;79934;67.57008900;33.40048500;2025-09-26T11:13:59;100137.81;;;14.88;54.64
82313;BME280;79934;67.57008900;33.40048500;2025-09-26T11:16:25;100137.34;;;14.75;54.94
82313;BME280;79934;67.57008900;33.40048500;2025-09-26T11:18:50;100134.84;;;14.72;55.54
82313;BME280;79934;67.57008900;33.40048500;2025-09-26T11:21:16;100136.81;;;14.66;55.64
82313;BME280;79934;67.57008900;33.40048500;2025-09-26T11:23:41;100129.34;;;14.53;55.79
82313;BME280;79934;67.57008900;33.40048500;2025-09-26T11:26:07;100136.59;;;14.47;56.15
82313;BME280;79934;67.57008900;33.40048500;2025-09-26T11:28:33;100132.75;;;14.57;55.92
82313;BME280;79934;67.57008900;33.40048500;2025-09-26T11:30:58;100133.06;;;14.73;55.92
82313;BME280;79934;67.57008900;33.40048500;2025-09-26T11:33:24;100129.06;;;14.87;55.89
82313;BME280;79934;67.57008900;33.40048500;2025-09-26T11:35:51;100132.78;;;14.80;55.54
82313;BME280;79934;67.57008900;33.40048500;2025-09-26T11:38:17;100124.09;;;14.53;56.64
82313;BME280;79934;67.57008900;33.40048500;2025-09-26T11:40:42;100124.69;;;14.35;56.71
82313;BME280;79934;67.57008900;33.40048500;2025-09-26T11:43:08;100121.06;;;14.11;56.94
82313;BME280;79934;67.57008900;33.40048500;2025-09-26T11:45:33;100120.72;;;13.95;57.85
82313;BME280;79934;67.57008900;33.40048500;2025-09-26T11:47:59;100125.41;;;13.86;57.76
82313;BME280;79934;67.57008900;33.40048500;2025-09-26T11:50:24;100124.16;;;13.70;57.89
82313;BME280;79934;67.57008900;33.40048500;2025-09-26T11:52:50;100124.53;;;13.57;57.92
82313;BME280;79934;67.57008900;33.40048500;2025-09-26T11:55:15;100136.97;;;13.52;58.45
82313;BME280;79934;67.57008900;33.40048500;2025-09-26T11:57:41;100136.34;;;13.44;59.17
82313;BME280;79934;67.57008900;33.40048500;2025-09-26T12:00:09;100138.28;;;13.36;59.49
82313;BME280;79934;67.57008900;33.40048500;2025-09-26T12:02:35;100129.81;;;13.26;59.15
82313;BME280;79934;67.57008900;33.40048500;2025-09-26T12:05:01;100139.34;;;13.30;59.59
82313;BME280;79934;67.57008900;33.40048500;2025-09-26T12:07:26;100147.22;;;13.30;59.84
82313;BME280;79934;67.57008900;33.40048500;2025-09-26T12:09:52;100135.75;;;13.33;59.97
82313;BME280;79934;67.57008900;33.40048500;2025-09-26T12:12:17;100141.09;;;13.30;60.52
82313;BME280;79934;67.57008900;33.40048500;2025-09-26T12:14:43;100145.50;;;13.29;60.80
82313;BME280;79934;67.57008900;33.40048500;2025-09-26T12:17:09;100132.34;;;13.29;60.79
82313;BME280;79934;67.57008900;33.40048500;2025-09-26T12:19:35;100129.91;;;13.23;61.09
82313;BME280;79934;67.57008900;33.40048500;2025-09-26T12:22:00;100131.59;;;13.26;61.58
82313;BME280;79934;67.57008900;33.40048500;2025-09-26T12:24:26;100133.34;;;13.25;61.99
82313;BME280;79934;67.57008900;33.40048500;2025-09-26T12:26:51;100130.78;;;13.24;62.00
82313;BME280;79934;67.57008900;33.40048500;2025-09-26T12:29:17;100132.72;;;13.16;62.19
82313;BME280;79934;67.57008900;33.40048500;2025-09-26T12:31:42;100127.53;;;13.14;62.49
82313;BME280;79934;67.57008900;33.40048500;2025-09-26T12:34:08;100126.56;;;13.18;63.01
82313;BME280;79934;67.57008900;33.40048500;2025-09-26T12:36:33;100125.69;;;13.18;62.75
82313;BME280;79934;67.57008900;33.40048500;2025-09-26T12:38:59;100129.47;;;13.08;63.28
82313;BME280;79934;67.57008900;33.40048500;2025-09-26T12:41:24;100127.09;;;12.98;63.17
82313;BME280;79934;67.57008900;33.40048500;2025-09-26T12:43:50;100124.81;;;12.86;63.96
82313;BME280;79934;67.57008900;33.40048500;2025-09-26T12:46:15;100118.84;;;12.81;64.00
82313;BME280;79934;67.57008900;33.40048500;2025-09-26T12:48:41;100127.72;;;12.76;64.27
82313;BME280;79934;67.57008900;33.40048500;2025-09-26T12:51:06;100133.06;;;12.72;64.91
82313;BME280;79934;67.57008900;33.40048500;2025-09-26T12:53:32;100135.72;;;12.71;64.88
82313;BME280;79934;67.57008900;33.40048500;2025-09-26T12:55:57;100121.78;;;12.69;65.10
82313;BME280;79934;67.57008900;33.40048500;2025-09-26T12:58:23;100131.44;;;12.68;65.42
82313;BME280;79934;67.57008900;33.40048500;2025-09-26T13:00:49;100135.94;;;12.62;65.35
82313;BME280;79934;67.57008900;33.40048500;2025-09-26T13:03:14;100133.56;;;12.53;66.08
82313;BME280;79934;67.57008900;33.40048500;2025-09-26T13:05:40;100137.22;;;12.47;66.16
82313;BME280;79934;67.57008900;33.40048500;2025-09-26T13:08:05;100133.81;;;12.44;66.39
82313;BME280;79934;67.57008900;33.40048500;2025-09-26T13:10:31;100138.22;;;12.41;66.77
82313;BME280;79934;67.57008900;33.40048500;2025-09-26T13:12:56;100140.09;;;12.36;66.80
82313;BME280;79934;67.57008900;33.40048500;2025-09-26T13:15:22;100147.31;;;12.28;67.03
82313;BME280;79934;67.57008900;33.40048500;2025-09-26T13:17:48;100148.53;;;12.14;67.41
82313;BME280;79934;67.57008900;33.40048500;2025-09-26T13:20:14;100155.69;;;12.07;68.17
82313;BME280;79934;67.57008900;33.40048500;2025-09-26T13:22:39;100153.22;;;12.01;68.55
82313;BME280;79934;67.57008900;33.40048500;2025-09-26T13:25:05;100154.28;;;11.92;69.42
82313;BME280;79934;67.57008900;33.40048500;2025-09-26T13:27:31;100157.06;;;11.85;69.35
82313;BME280;79934;67.57008900;33.40048500;2025-09-26T13:29:56;100161.56;;;11.78;70.48
82313;BME280;79934;67.57008900;33.40048500;2025-09-26T13:32:22;100150.44;;;11.67;70.51
82313;BME280;79934;67.57008900;33.40048500;2025-09-26T13:34:50;100162.03;;;11.57;71.96
82313;BME280;79934;67.57008900;33.40048500;2025-09-26T13:37:16;100166.59;;;11.47;72.05
82313;BME280;79934;67.57008900;33.40048500;2025-09-26T13:39:41;100165.16;;;11.32;73.49
82313;BME280;79934;67.57008900;33.40048500;2025-09-26T13:42:07;100163.69;;;11.19;75.51
82313;BME280;79934;67.57008900;33.40048500;2025-09-26T13:44:33;100169.03;;;11.11;77.83
82313;BME280;79934;67.57008900;33.40048500;2025-09-26T13:46:58;100158.88;;;10.96;78.98
82313;BME280;79934;67.57008900;33.40048500;2025-09-26T13:49:24;100159.84;;;10.92;79.69
82313;BME280;79934;67.57008900;33.40048500;2025-09-26T13:51:50;100165.94;;;10.91;80.21
82313;BME280;79934;67.57008900;33.40048500;2025-09-26T13:54:16;100174.59;;;10.95;80.10
82313;BME280;79934;67.57008900;33.40048500;2025-09-26T13:56:41;100167.56;;;10.98;80.04
82313;BME280;79934;67.57008900;33.40048500;2025-09-26T13:59:07;100171.84;;;11.02;80.37
82313;BME280;79934;67.57008900;33.40048500;2025-09-26T14:01:32;100170.81;;;11.09;80.24
82313;BME280;79934;67.57008900;33.40048500;2025-09-26T14:03:58;100175.06;;;11.18;79.94
82313;BME280;79934;67.57008900;33.40048500;2025-09-26T14:06:23;100175.78;;;11.25;79.87
82313;BME280;79934;67.57008900;33.40048500;2025-09-26T14:08:49;100168.69;;;11.30;79.57
82313;BME280;79934;67.57008900;33.40048500;2025-09-26T14:11:14;100171.09;;;11.40;79.20
82313;BME280;79934;67.57008900;33.40048500;2025-09-26T14:13:40;100168.38;;;11.45;79.31
82313;BME280;79934;67.57008900;33.40048500;2025-09-26T14:16:05;100170.03;;;11.49;79.29
82313;BME280;79934;67.57008900;33.40048500;2025-09-26T14:18:31;100166.47;;;11.53;78.65
82313;BME280;79934;67.57008900;33.40048500;2025-09-26T14:20:57;100168.97;;;11.58;78.08
82313;BME280;79934;67.57008900;33.40048500;2025-09-26T14:23:22;100178.66;;;11.54;78.33
82313;BME280;79934;67.57008900;33.40048500;2025-09-26T14:25:48;100178.66;;;11.54;79.04
82313;BME280;79934;67.57008900;33.40048500;2025-09-26T14:28:13;100182.13;;;11.55;79.16
82313;BME280;79934;67.57008900;33.40048500;2025-09-26T14:30:39;100175.28;;;11.49;78.79
82313;BME280;79934;67.57008900;33.40048500;2025-09-26T14:33:04;100181.59;;;11.39;78.80
82313;BME280;79934;67.57008900;33.40048500;2025-09-26T14:35:49;100184.34;;;11.33;80.16
82313;BME280;79934;67.57008900;33.40048500;2025-09-26T14:38:15;100180.84;;;11.34;80.38
82313;BME280;79934;67.57008900;33.40048500;2025-09-26T14:40:40;100177.38;;;11.32;81.16
82313;BME280;79934;67.57008900;33.40048500;2025-09-26T14:43:06;100173.94;;;11.30;80.57
82313;BME280;79934;67.57008900;33.40048500;2025-09-26T14:45:31;100181.03;;;11.25;81.60
82313;BME280;79934;67.57008900;33.40048500;2025-09-26T14:47:57;100183.72;;;11.20;82.47
82313;BME280;79934;67.57008900;33.40048500;2025-09-26T14:50:22;100171.56;;;11.18;82.35
82313;BME280;79934;67.57008900;33.40048500;2025-09-26T14:52:48;100182.13;;;11.11;83.14
82313;BME280;79934;67.57008900;33.40048500;2025-09-26T14:55:13;100185.69;;;11.07;84.22
82313;BME280;79934;67.57008900;33.40048500;2025-09-26T14:57:39;100183.09;;;11.06;84.44
82313;BME280;79934;67.57008900;33.40048500;2025-09-26T15:00:23;100187.34;;;11.11;85.19
82313;BME280;79934;67.57008900;33.40048500;2025-09-26T15:02:51;100180.34;;;11.13;84.58
82313;BME280;79934;67.57008900;33.40048500;2025-09-26T15:05:17;100178.66;;;11.11;84.77
82313;BME280;79934;67.57008900;33.40048500;2025-09-26T15:07:44;100189.97;;;11.11;85.38
82313;BME280;79934;67.57008900;33.40048500;2025-09-26T15:10:09;100183.06;;;11.07;85.02
82313;BME280;79934;67.57008900;33.40048500;2025-09-26T15:12:35;100183.19;;;11.01;86.12
82313;BME280;79934;67.57008900;33.40048500;2025-09-26T15:15:00;100185.88;;;10.98;86.81
82313;BME280;79934;67.57008900;33.40048500;2025-09-26T15:17:26;100192.03;;;10.96;87.02
82313;BME280;79934;67.57008900;33.40048500;2025-09-26T15:19:52;100192.09;;;10.91;87.90
82313;BME280;79934;67.57008900;33.40048500;2025-09-26T15:22:17;100195.63;;;10.90;88.85
82313;BME280;79934;67.57008900;33.40048500;2025-09-26T15:24:43;100189.59;;;10.85;89.47
82313;BME280;79934;67.57008900;33.40048500;2025-09-26T15:27:08;100198.34;;;10.84;89.83
82313;BME280;79934;67.57008900;33.40048500;2025-09-26T15:29:34;100197.50;;;10.82;90.21
82313;BME280;79934;67.57008900;33.40048500;2025-09-26T15:32:00;100195.84;;;10.78;90.67
82313;BME280;79934;67.57008900;33.40048500;2025-09-26T15:34:26;100190.66;;;10.75;90.96
82313;BME280;79934;67.57008900;33.40048500;2025-09-26T15:36:53;100192.47;;;10.71;91.57
82313;BME280;79934;67.57008900;33.40048500;2025-09-26T15:39:19;100197.72;;;10.70;92.31
82313;BME280;79934;67.57008900;33.40048500;2025-09-26T15:41:44;100190.84;;;10.66;92.52
82313;BME280;79934;67.57008900;33.40048500;2025-09-26T15:44:10;100190.84;;;10.66;93.40
82313;BME280;79934;67.57008900;33.40048500;2025-09-26T15:46:35;100182.16;;;10.64;92.83
82313;BME280;79934;67.57008900;33.40048500;2025-09-26T15:49:01;100192.66;;;10.61;93.34
82313;BME280;79934;67.57008900;33.40048500;2025-09-26T15:51:26;100191.81;;;10.59;93.37
82313;BME280;79934;67.57008900;33.40048500;2025-09-26T15:53:52;100197.94;;;10.58;94.54
82313;BME280;79934;67.57008900;33.40048500;2025-09-26T15:56:17;100204.09;;;10.55;94.86
82313;BME280;79934;67.57008900;33.40048500;2025-09-26T15:58:43;100199.78;;;10.53;95.41
82313;BME280;79934;67.57008900;33.40048500;2025-09-26T16:01:09;100205.91;;;10.50;96.38
82313;BME280;79934;67.57008900;33.40048500;2025-09-26T16:03:34;100202.47;;;10.48;96.89
82313;BME280;79934;67.57008900;33.40048500;2025-09-26T16:06:00;100203.38;;;10.45;97.46
82313;BME280;79934;67.57008900;33.40048500;2025-09-26T16:08:25;100201.66;;;10.44;98.09
82313;BME280;79934;67.57008900;33.40048500;2025-09-26T16:10:51;100199.00;;;10.46;98.25
82313;BME280;79934;67.57008900;33.40048500;2025-09-26T16:20:00;100199.78;;;10.53;98.56
82313;BME280;79934;67.57008900;33.40048500;2025-09-26T16:22:26;100195.41;;;10.53;98.51
82313;BME280;79934;67.57008900;33.40048500;2025-09-26T16:24:52;100203.22;;;10.55;98.37
82313;BME280;79934;67.57008900;33.40048500;2025-09-26T16:27:17;100201.50;;;10.54;98.93
82313;BME280;79934;67.57008900;33.40048500;2025-09-26T16:29:43;100204.13;;;10.52;99.03
82313;BME280;79934;67.57008900;33.40048500;2025-09-26T16:32:08;100199.81;;;10.49;99.49
82313;BME280;79934;67.57008900;33.40048500;2025-09-26T16:34:34;100192.91;;;10.47;99.96
82313;BME280;79934;67.57008900;33.40048500;2025-09-26T16:36:59;100183.31;;;10.47;100.00
82313;BME280;79934;67.57008900;33.40048500;2025-09-26T16:39:25;100186.75;;;10.49;100.00
82313;BME280;79934;67.57008900;33.40048500;2025-09-26T16:41:50;100188.47;;;10.50;100.00
82313;BME280;79934;67.57008900;33.40048500;2025-09-26T16:44:16;100196.31;;;10.52;100.00
82313;BME280;79934;67.57008900;33.40048500;2025-09-26T16:46:41;100193.69;;;10.52;100.00
82313;BME280;79934;67.57008900;33.40048500;2025-09-26T16:49:07;100190.22;;;10.52;100.00
82313;BME280;79934;67.57008900;33.40048500;2025-09-26T16:51:32;100185.88;;;10.50;100.00
82313;BME280;79934;67.57008900;33.40048500;2025-09-26T16:53:58;100192.81;;;10.52;100.00
82313;BME280;79934;67.57008900;33.40048500;2025-09-26T16:56:24;100197.13;;;10.54;100.00
82313;BME280;79934;67.57008900;33.40048500;2025-09-26T16:58:50;100182.31;;;10.55;100.00
82313;BME280;79934;67.57008900;33.40048500;2025-09-26T17:01:16;100188.41;;;10.55;100.00
82313;BME280;79934;67.57008900;33.40048500;2025-09-26T17:03:41;100192.69;;;10.59;100.00
82313;BME280;79934;67.57008900;33.40048500;2025-09-26T17:06:07;100192.66;;;10.61;100.00
82313;BME280;79934;67.57008900;33.40048500;2025-09-26T17:08:33;100186.59;;;10.59;100.00
82313;BME280;79934;67.57008900;33.40048500;2025-09-26T17:11:01;100191.88;;;10.56;100.00
82313;BME280;79934;67.57008900;33.40048500;2025-09-26T17:13:26;100185.81;;;10.54;100.00
82313;BME280;79934;67.57008900;33.40048500;2025-09-26T17:15:52;100187.59;;;10.52;100.00
82313;BME280;79934;67.57008900;33.40048500;2025-09-26T17:18:18;100189.38;;;10.49;100.00
82313;BME280;79934;67.57008900;33.40048500;2025-09-26T17:21:03;100184.03;;;10.56;100.00
82313;BME280;79934;67.57008900;33.40048500;2025-09-26T17:23:29;100190.06;;;10.59;100.00
82313;BME280;79934;67.57008900;33.40048500;2025-09-26T17:25:54;100184.84;;;10.59;100.00
82313;BME280;79934;67.57008900;33.40048500;2025-09-26T17:28:23;100183.09;;;10.60;100.00
82313;BME280;79934;67.57008900;33.40048500;2025-09-26T17:30:51;100185.72;;;10.60;100.00
82313;BME280;79934;67.57008900;33.40048500;2025-09-26T17:33:19;100191.81;;;10.59;100.00
82313;BME280;79934;67.57008900;33.40048500;2025-09-26T17:35:45;100186.63;;;10.57;100.00
82313;BME280;79934;67.57008900;33.40048500;2025-09-26T17:41:52;100190.16;;;10.55;100.00
82313;BME280;79934;67.57008900;33.40048500;2025-09-26T17:44:40;100190.03;;;10.62;100.00
82313;BME280;79934;67.57008900;33.40048500;2025-09-26T17:47:13;100192.59;;;10.64;100.00
82313;BME280;79934;67.57008900;33.40048500;2025-09-26T17:49:41;100192.59;;;10.65;100.00
82313;BME280;79934;67.57008900;33.40048500;2025-09-26T17:52:08;100193.38;;;10.69;100.00
82313;BME280;79934;67.57008900;33.40048500;2025-09-26T17:58:03;100201.25;;;10.67;100.00
82313;BME280;79934;67.57008900;33.40048500;2025-09-26T18:00:28;100201.31;;;10.64;100.00
82313;BME280;79934;67.57008900;33.40048500;2025-09-26T18:02:54;100201.34;;;10.63;100.00
82313;BME280;79934;67.57008900;33.40048500;2025-09-26T18:05:19;100198.00;;;10.55;100.00
82313;BME280;79934;67.57008900;33.40048500;2025-09-26T18:07:45;100199.81;;;10.49;100.00
82313;BME280;79934;67.57008900;33.40048500;2025-09-26T18:10:10;100196.44;;;10.44;100.00
82313;BME280;79934;67.57008900;33.40048500;2025-09-26T18:12:36;100209.53;;;10.40;100.00
82313;BME280;79934;67.57008900;33.40048500;2025-09-26T18:15:03;100207.88;;;10.36;100.00
82313;BME280;79934;67.57008900;33.40048500;2025-09-26T18:17:30;100212.19;;;10.38;100.00
82313;BME280;79934;67.57008900;33.40048500;2025-09-26T18:19:56;100204.34;;;10.38;100.00
82313;BME280;79934;67.57008900;33.40048500;2025-09-26T18:22:22;100205.22;;;10.37;100.00
82313;BME280;79934;67.57008900;33.40048500;2025-09-26T18:31:34;100213.00;;;10.43;100.00
82313;BME280;79934;67.57008900;33.40048500;2025-09-26T18:34:00;100218.19;;;10.46;100.00
82313;BME280;79934;67.57008900;33.40048500;2025-09-26T18:36:25;100216.44;;;10.45;100.00
82313;BME280;79934;67.57008900;33.40048500;2025-09-26T18:38:51;100212.06;;;10.47;100.00
82313;BME280;79934;67.57008900;33.40048500;2025-09-26T18:41:17;100203.38;;;10.45;100.00
82313;BME280;79934;67.57008900;33.40048500;2025-09-26T18:43:42;100215.56;;;10.46;100.00
82313;BME280;79934;67.57008900;33.40048500;2025-09-26T18:46:08;100219.91;;;10.47;100.00
82313;BME280;79934;67.57008900;33.40048500;2025-09-26T18:48:33;100219.00;;;10.48;100.00
82313;BME280;79934;67.57008900;33.40048500;2025-09-26T18:50:59;100217.22;;;10.50;100.00
82313;BME280;79934;67.57008900;33.40048500;2025-09-26T18:53:24;100222.47;;;10.50;100.00
82313;BME280;79934;67.57008900;33.40048500;2025-09-26T18:55:50;100225.91;;;10.53;100.00
82313;BME280;79934;67.57008900;33.40048500;2025-09-26T18:58:16;100225.03;;;10.54;100.00
82313;BME280;79934;67.57008900;33.40048500;2025-09-26T19:00:42;100224.19;;;10.52;100.00
82313;BME280;79934;67.57008900;33.40048500;2025-09-26T19:03:08;100225.06;;;10.52;100.00
82313;BME280;79934;67.57008900;33.40048500;2025-09-26T19:05:33;100222.47;;;10.50;100.00
82313;BME280;79934;67.57008900;33.40048500;2025-09-26T19:11:21;100233.13;;;10.35;100.00
82313;BME280;79934;67.57008900;33.40048500;2025-09-26T19:13:47;100230.63;;;10.29;100.00
82313;BME280;79934;67.57008900;33.40048500;2025-09-26T19:16:12;100236.78;;;10.25;100.00
82313;BME280;79934;67.57008900;33.40048500;2025-09-26T19:18:38;100242.91;;;10.23;100.00
82313;BME280;79934;67.57008900;33.40048500;2025-09-26T19:21:03;100240.31;;;10.19;100.00
82313;BME280;79934;67.57008900;33.40048500;2025-09-26T19:23:29;100248.16;;;10.19;100.00
82313;BME280;79934;67.57008900;33.40048500;2025-09-26T19:25:54;100249.06;;;10.17;100.00
82313;BME280;79934;67.57008900;33.40048500;2025-09-26T19:28:20;100243.03;;;10.12;100.00
82313;BME280;79934;67.57008900;33.40048500;2025-09-26T19:30:45;100250.97;;;10.06;100.00
82313;BME280;79934;67.57008900;33.40048500;2025-09-26T19:33:11;100244.09;;;9.99;100.00
82313;BME280;79934;67.57008900;33.40048500;2025-09-26T19:35:36;100248.47;;;9.97;100.00
82313;BME280;79934;67.57008900;33.40048500;2025-09-26T19:38:02;100257.25;;;9.93;100.00
82313;BME280;79934;67.57008900;33.40048500;2025-09-26T19:40:28;100252.97;;;9.87;100.00
82313;BME280;79934;67.57008900;33.40048500;2025-09-26T19:42:53;100258.19;;;9.87;100.00
82313;BME280;79934;67.57008900;33.40048500;2025-09-26T19:45:19;100256.47;;;9.84;100.00
82313;BME280;79934;67.57008900;33.40048500;2025-09-26T19:47:44;100253.88;;;9.84;100.00
82313;BME280;79934;67.57008900;33.40048500;2025-09-26T19:50:10;100249.56;;;9.80;100.00
82313;BME280;79934;67.57008900;33.40048500;2025-09-26T19:52:35;100254.84;;;9.77;100.00
82313;BME280;79934;67.57008900;33.40048500;2025-09-26T19:55:01;100259.22;;;9.75;100.00
82313;BME280;79934;67.57008900;33.40048500;2025-09-26T19:57:27;100266.97;;;9.81;100.00
82313;BME280;79934;67.57008900;33.40048500;2025-09-26T19:59:52;100269.56;;;9.83;100.00
82313;BME280;79934;67.57008900;33.40048500;2025-09-26T20:02:18;100273.97;;;9.79;100.00
82313;BME280;79934;67.57008900;33.40048500;2025-09-26T20:04:44;100279.25;;;9.75;100.00
82313;BME280;79934;67.57008900;33.40048500;2025-09-26T20:07:09;100289.72;;;9.70;100.00
82313;BME280;79934;67.57008900;33.40048500;2025-09-26T20:09:35;100290.66;;;9.66;100.00
82313;BME280;79934;67.57008900;33.40048500;2025-09-26T20:12:00;100296.75;;;9.62;100.00
82313;BME280;79934;67.57008900;33.40048500;2025-09-26T20:14:26;100302.00;;;9.59;100.00
82313;BME280;79934;67.57008900;33.40048500;2025-09-26T20:16:51;100307.28;;;9.54;100.00
82313;BME280;79934;67.57008900;33.40048500;2025-09-26T20:19:17;100307.34;;;9.50;100.00
82313;BME280;79934;67.57008900;33.40048500;2025-09-26T20:21:42;100309.16;;;9.42;100.00
82313;BME280;79934;67.57008900;33.40048500;2025-09-26T20:24:08;100312.72;;;9.35;100.00
82313;BME280;79934;67.57008900;33.40048500;2025-09-26T20:26:33;100324.09;;;9.29;100.00
82313;BME280;79934;67.57008900;33.40048500;2025-09-26T20:28:59;100319.78;;;9.25;100.00
82313;BME280;79934;67.57008900;33.40048500;2025-09-26T20:31:25;100331.13;;;9.21;100.00
82313;BME280;79934;67.57008900;33.40048500;2025-09-26T20:33:51;100331.19;;;9.15;100.00
82313;BME280;79934;67.57008900;33.40048500;2025-09-26T20:36:17;100323.41;;;9.10;100.00
82313;BME280;79934;67.57008900;33.40048500;2025-09-26T20:45:17;100337.25;;;9.15;100.00
82313;BME280;79934;67.57008900;33.40048500;2025-09-26T20:47:43;100345.09;;;9.14;100.00
82313;BME280;79934;67.57008900;33.40048500;2025-09-26T20:50:08;100347.75;;;9.09;100.00
82313;BME280;79934;67.57008900;33.40048500;2025-09-26T20:52:34;100347.81;;;9.03;100.00
82313;BME280;79934;67.57008900;33.40048500;2025-09-26T20:54:59;100338.28;;;8.98;100.00
82313;BME280;79934;67.57008900;33.40048500;2025-09-26T20:57:25;100351.31;;;8.99;100.00
82313;BME280;79934;67.57008900;33.40048500;2025-09-26T20:59:50;100353.91;;;8.99;100.00
82313;BME280;79934;67.57008900;33.40048500;2025-09-26T21:02:16;100355.66;;;9.00;100.00
82313;BME280;79934;67.57008900;33.40048500;2025-09-26T21:04:42;100367.81;;;9.00;100.00
82313;BME280;79934;67.57008900;33.40048500;2025-09-26T21:07:07;100360.88;;;8.97;100.00
82313;BME280;79934;67.57008900;33.40048500;2025-09-26T21:09:33;100369.59;;;8.96;100.00
82313;BME280;79934;67.57008900;33.40048500;2025-09-26T21:11:58;100380.91;;;8.95;100.00
82313;BME280;79934;67.57008900;33.40048500;2025-09-26T21:14:24;100388.72;;;8.97;100.00
82313;BME280;79934;67.57008900;33.40048500;2025-09-26T21:16:49;100390.47;;;8.93;100.00
82313;BME280;79934;67.57008900;33.40048500;2025-09-26T21:19:15;100391.34;;;8.92;100.00
82313;BME280;79934;67.57008900;33.40048500;2025-09-26T21:21:40;100394.81;;;8.96;100.00
82313;BME280;79934;67.57008900;33.40048500;2025-09-26T21:24:05;100397.31;;;9.06;100.00
82313;BME280;79934;67.57008900;33.40048500;2025-09-26T21:26:32;100392.06;;;9.14;100.00
82313;BME280;79934;67.57008900;33.40048500;2025-09-26T21:28:57;100389.38;;;9.21;100.00
82313;BME280;79934;67.57008900;33.40048500;2025-09-26T21:31:23;100394.53;;;9.29;100.00
82313;BME280;79934;67.57008900;33.40048500;2025-09-26T21:33:48;100397.97;;;9.33;100.00
82313;BME280;79934;67.57008900;33.40048500;2025-09-26T21:36:14;100411.84;;;9.38;100.00
82313;BME280;79934;67.57008900;33.40048500;2025-09-26T21:38:39;100404.91;;;9.37;100.00
82313;BME280;79934;67.57008900;33.40048500;2025-09-26T21:41:05;100407.47;;;9.40;100.00
82313;BME280;79934;67.57008900;33.40048500;2025-09-26T21:43:30;100424.00;;;9.39;100.00
82313;BME280;79934;67.57008900;33.40048500;2025-09-26T21:45:56;100416.22;;;9.36;100.00
82313;BME280;79934;67.57008900;33.40048500;2025-09-26T21:48:21;100428.41;;;9.32;100.00
82313;BME280;79934;67.57008900;33.40048500;2025-09-26T21:50:47;100432.78;;;9.32;100.00
82313;BME280;79934;67.57008900;33.40048500;2025-09-26T21:53:12;100427.56;;;9.29;100.00
82313;BME280;79934;67.57008900;33.40048500;2025-09-26T21:55:38;100419.78;;;9.24;100.00
82313;BME280;79934;67.57008900;33.40048500;2025-09-26T21:58:04;100432.00;;;9.20;100.00
82313;BME280;79934;67.57008900;33.40048500;2025-09-26T22:00:29;100440.69;;;9.18;100.00
82313;BME280;79934;67.57008900;33.40048500;2025-09-26T22:02:55;100442.44;;;9.17;100.00
82313;BME280;79934;67.57008900;33.40048500;2025-09-26T22:05:20;100447.66;;;9.19;100.00
82313;BME280;79934;67.57008900;33.40048500;2025-09-26T22:07:46;100449.38;;;9.21;100.00
82313;BME280;79934;67.57008900;33.40048500;2025-09-26T22:10:11;100455.47;;;9.20;100.00
82313;BME280;79934;67.57008900;33.40048500;2025-09-26T22:12:37;100452.84;;;9.22;100.00
82313;BME280;79934;67.57008900;33.40048500;2025-09-26T22:15:03;100453.69;;;9.26;100.00
82313;BME280;79934;67.57008900;33.40048500;2025-09-26T22:17:29;100462.38;;;9.28;100.00
82313;BME280;79934;67.57008900;33.40048500;2025-09-26T22:19:54;100463.22;;;9.30;100.00
82313;BME280;79934;67.57008900;33.40048500;2025-09-26T22:22:20;100453.63;;;9.32;100.00
82313;BME280;79934;67.57008900;33.40048500;2025-09-26T22:24:45;100456.25;;;9.33;100.00
82313;BME280;79934;67.57008900;33.40048500;2025-09-26T22:27:11;100464.91;;;9.35;100.00
82313;BME280;79934;67.57008900;33.40048500;2025-09-26T22:29:36;100468.38;;;9.36;100.00
82313;BME280;79934;67.57008900;33.40048500;2025-09-26T22:32:03;100487.50;;;9.39;100.00
82313;BME280;79934;67.57008900;33.40048500;2025-09-26T22:34:29;100477.03;;;9.44;100.00
82313;BME280;79934;67.57008900;33.40048500;2025-09-26T22:36:55;100476.13;;;9.48;100.00
82313;BME280;79934;67.57008900;33.40048500;2025-09-26T22:39:20;100482.19;;;9.50;100.00
82313;BME280;79934;67.57008900;33.40048500;2025-09-26T22:41:46;100477.81;;;9.52;100.00
82313;BME280;79934;67.57008900;33.40048500;2025-09-26T22:44:11;100483.91;;;9.54;100.00
82313;BME280;79934;67.57008900;33.40048500;2025-09-26T22:46:37;100477.81;;;9.55;100.00
82313;BME280;79934;67.57008900;33.40048500;2025-09-26T22:49:02;100463.84;;;9.57;100.00
82313;BME280;79934;67.57008900;33.40048500;2025-09-26T22:51:28;100474.28;;;9.59;100.00
82313;BME280;79934;67.57008900;33.40048500;2025-09-26T22:53:53;100483.84;;;9.60;100.00
82313;BME280;79934;67.57008900;33.40048500;2025-09-26T22:56:19;100475.13;;;9.63;100.00
82313;BME280;79934;67.57008900;33.40048500;2025-09-26T22:58:45;100479.44;;;9.71;100.00
82313;BME280;79934;67.57008900;33.40048500;2025-09-26T23:01:10;100477.63;;;9.76;100.00
82313;BME280;79934;67.57008900;33.40048500;2025-09-26T23:03:36;100480.28;;;9.75;100.00
82313;BME280;79934;67.57008900;33.40048500;2025-09-26T23:06:01;100484.59;;;9.77;100.00
82313;BME280;79934;67.57008900;33.40048500;2025-09-26T23:08:27;100486.31;;;9.78;100.00
82313;BME280;79934;67.57008900;33.40048500;2025-09-26T23:10:53;100487.16;;;9.83;100.00
82313;BME280;79934;67.57008900;33.40048500;2025-09-26T23:13:18;100494.06;;;9.87;100.00
82313;BME280;79934;67.57008900;33.40048500;2025-09-26T23:15:44;100494.97;;;9.83;100.00
82313;BME280;79934;67.57008900;33.40048500;2025-09-26T23:18:09;100498.53;;;9.76;100.00
82313;BME280;79934;67.57008900;33.40048500;2025-09-26T23:20:35;100497.72;;;9.68;100.00
82313;BME280;79934;67.57008900;33.40048500;2025-09-26T23:23:01;100502.13;;;9.60;100.00
82313;BME280;79934;67.57008900;33.40048500;2025-09-26T23:25:46;100501.31;;;9.52;100.00
82313;BME280;79934;67.57008900;33.40048500;2025-09-26T23:28:11;100507.47;;;9.43;100.00
82313;BME280;79934;67.57008900;33.40048500;2025-09-26T23:30:38;100504.94;;;9.34;100.00
82313;BME280;79934;67.57008900;33.40048500;2025-09-26T23:33:04;100511.06;;;9.29;100.00
82313;BME280;79934;67.57008900;33.40048500;2025-09-26T23:35:30;100507.59;;;9.27;100.00
82313;BME280;79934;67.57008900;33.40048500;2025-09-26T23:37:56;100513.66;;;9.30;100.00
82313;BME280;79934;67.57008900;33.40048500;2025-09-26T23:40:21;100513.66;;;9.30;100.00
82313;BME280;79934;67.57008900;33.40048500;2025-09-26T23:42:47;100518.88;;;9.32;100.00
82313;BME280;79934;67.57008900;33.40048500;2025-09-26T23:45:13;100524.06;;;9.33;100.00
82313;BME280;79934;67.57008900;33.40048500;2025-09-26T23:47:38;100538.00;;;9.31;100.00
82313;BME280;79934;67.57008900;33.40048500;2025-09-26T23:50:04;100539.75;;;9.29;100.00
82313;BME280;79934;67.57008900;33.40048500;2025-09-26T23:52:30;100537.16;;;9.26;100.00
82313;BME280;79934;67.57008900;33.40048500;2025-09-26T23:54:56;100535.41;;;9.31;100.00
82313;BME280;79934;67.57008900;33.40048500;2025-09-26T23:57:21;100531.91;;;9.32;100.00
82313;BME280;79934;67.57008900;33.40048500;2025-09-26T23:59:47;100532.75;;;9.35;100.00
